,subj,sex,age,CloseFriendsG1,CloseFriendsG2,CloseFriendsG3,CloseFriendsG4,CloseFriendsG5,CloseFriendsG6,NumberFriendsG1,intl,vocal,classical,folk,rock,country,pop,alternative,hiphop,unclassifiable,Pop1,Pop2,Pop3,Pop4,Pop5,Common1,Common1.1,Common2,Common3,Common4,Tech1,Tech2,Common5,Common6,Tech3,Tech4,Common7,Tech5,Common8,Common9,Common10,Common11,Common12,Common13,Tech6,Tech7,Common14,Common15,Common16,Common17,Common18,Common19,Tech8,Common20,Tech9,Tech10,Common21,Common22,Common23,Common24,Tech11,Tech12,Tech13,Tech14,Tech15,Common25,Common26,Tech16,Common27,Common28,Tech17,Common29,Common30,Tech18,Tech19,Common31,Common32,Common33,Tech20,Common34,Tech21,Common35,Common36,Common37,Tech22,Tech23,Tech24,Tech25,Common38,Common39
1,p1,Female,20,7,0,0,0,0,0,1,0,0,1,1,0,0,0,3,0,0,53,5,1,5,2,2,2,1,1,1,1,1,1,1,1,1,1,1,1,1,1,1,1,1,1,1,1,1,1,1,1,1,1,5,1,1,4,1,1,5,1,1,1,1,1,3,1,1,1,1,1,3,1,1,1,5,1,5,1,1,5,5,1,1,1,1,1,1,1,4
2,p10,Female,18,8,2,1,0,0,0,7,0,0,0,0,0,0,0,2,2,0,61,5,1,1,1,1,1,1,1,1,1,1,1,1,1,1,1,1,1,1,1,1,1,1,1,1,3,1,1,1,1,1,1,5,1,1,1,1,1,1,3,1,1,1,1,1,1,1,1,1,1,1,1,1,1,1,1,1,1,1,1,5,1,1,1,1,1,1,1,1
3,p11,Female,18,1,0,0,14,0,0,0,15,0,0,0,0,0,0,0,0,0,23,1,1,1,1,1,3,1,1,1,1,5,1,1,1,1,1,5,5,1,1,1,1,1,1,1,5,1,1,1,5,1,1,5,1,1,1,1,1,3,1,1,1,1,1,1,1,5,1,1,1,3,1,1,1,1,1,1,1,1,1,4,1,4,1,1,1,1,1,1
4,p13,Female,42,9,0,0,0,0,0,5,0,1,0,2,8,0,0,2,1,0,21,5,2,1,4,1,4,1,1,1,1,1,1,1,1,1,2,1,5,1,1,1,1,5,1,1,1,5,1,4,1,1,1,1,1,1,1,1,2,5,3,1,1,1,1,5,5,1,1,1,1,1,1,1,1,1,1,5,1,5,3,5,1,1,1,1,1,1,1,1
5,p14,Female,21,6,0,0,1,0,0,0,0,0,4,0,3,3,0,1,3,0,10,5,1,1,1,1,1,1,1,1,1,1,1,1,1,1,1,1,5,1,4,5,1,1,1,1,1,5,1,1,1,1,1,1,1,1,1,1,1,1,1,1,1,1,1,1,1,1,1,1,1,1,5,1,1,5,1,5,1,1,5,5,1,5,1,1,1,1,1,1
6,p15,Female,20,9,3,2,3,0,0,3,0,0,0,0,1,3,3,2,7,0,28,5,5,1,4,6,1,4,1,1,1,1,5,1,5,1,1,1,1,1,4,5,5,1,1,1,5,1,1,1,1,1,1,4,1,1,4,1,1,1,1,1,1,1,1,1,1,1,5,1,1,5,5,1,1,5,1,5,1,1,1,5,1,1,1,1,1,1,1,5
7,p16,Female,21,0,0,0,6,0,0,5,0,0,0,0,0,0,2,1,4,0,6,5,1,1,4,2.5,1,1,1,3,1,1,5,1,1,1,1,1,5,1,1,1,5,1,1,1,1,1,1,1,1,1,1,5,1,1,4,1,1,1,1,1,1,1,1,1,1,1,1,1,1,5,1,1,1,1,1,5,1,1,5,5,1,5,1,1,1,1,1,1
8,p17,Male,18,13,0,0,0,0,0,4,0,1,0,0,1,0,3,4,1,0,15,5,1,1,4,5,5,1,1,1,1,1,1,5,2,1,1,5,5,1,4,1,5,2,1,1,1,1,1,1,5,1,1,4,1,2,4,1,1,3,1,1,5,1,1,1,1,1,1,1,1,3,1,1,1,5,3,5,1,1,1,5,1,5,1,1,1,1,1,1
9,p18,Female,18,6,1,0,1,0,0,3,0,0,0,1,7,0,0,2,6,0,27,5,1,1,3,2,1,5,1,1,1,1,1,1,1,1,1,1,5,1,1,1,1,1,1,1,1,1,1,1,1,1,1,5,1,1,4,1,1,1,1,1,1,1,1,1,1,1,1,1,1,3,1,1,1,1,1,5,1,1,1,5,1,5,1,1,1,1,1,1
10,p19,Female,20,4,2,0,0,1,0,2,0,3,0,0,0,0,4,2,0,1,28,5,1,1,4,3,2,1,1,1,1,1,5,5,1,1,1,5,3,1,1,1,5,1,1,1,1,1,1,1,1,1,1,1,1,1,5,1,1,4,1,1,1,1,1,1,1,1,1,5,1,3,1,1,1,5,1,5,1,1,1,5,5,1,1,1,1,1,1,5
11,p2,Female,18,6,0,1,1,1,0,3,0,0,0,0,0,0,1,2,0,0,7,4,1,1,4,2.5,5,1,1,1,1,1,1,3,1,1,1,1,5,1,1,1,1,1,1,1,1,1,1,1,5,5,1,1,1,1,4,1,1,1,1,1,1,1,1,1,1,1,1,1,1,3,1,1,1,1,1,2,1,1,1,5,1,5,1,1,1,1,1,5
12,p20,Female,18,1,1,0,0,3,0,15,0,0,0,0,0,0,2,0,8,0,61,5,1,1,3,6,4,3,1,1,1,5,5,4,5,1,1,1,5,1,4,5,5,1,3,1,4,1,1,1,5,5,1,5,1,1,1,5,1,4,1,1,1,1,1,3,1,1,5,1,1,4,1,1,4,2,1,3,1,5,1,5,1,5,5,1,1,1,1,1
13,p21,Female,18,8,0,0,0,0,0,1,0,0,0,0,2,1,1,1,1,0,51,1,3,1,1,4,1,1,1,1,1,1,1,1,1,1,1,1,5,1,1,5,1,1,1,1,3,1,1,1,1,1,1,3,1,1,1,1,1,1,1,1,1,1,1,1,1,1,5,1,1,3,1,1,1,5,1,1,1,1,1,1,1,1,1,1,1,1,1,1
14,p22,Female,25,7,1,0,0,0,0,3,0,5,0,1,11,0,0,3,7,1,4,5,1,1,4,1,3,1,1,1,1,1,1,1,1,1,5,1,4,1,1,1,1,1,1,1,1,5,1,1,5,5,1,1,1,1,1,1,1,4,4,1,1,1,1,4,1,1,5,1,1,4,3,1,1,1,1,5,1,5,1,5,5,5,1,1,1,1,1,1
15,p23,Female,18,9,2,1,0,0,0,6,0,1,0,2,1,0,0,1,0,0,46,5,1,1,3,3,1,3,1,3,1,1,5,4,5,1,1,2,5,5,4,4,5,1,1,1,1,1,1,1,5,5,1,3,1,1,4,1,1,4,1,1,1,1,1,1,1,1,2,1,1,3,5,1,5,1,3,3,1,5,1,5,1,4,1,5,1,1,1,1
16,p24,Female,18,8,0,0,0,0,0,1,0,0,0,1,1,0,0,6,0,0,41,1,1,1,3,1,2,1,1,1,1,1,1,1,1,1,1,1,4,1,1,1,1,1,1,1,1,1,1,2,1,1,1,2,1,1,1,1,1,1,1,1,1,1,1,1,1,1,1,1,1,1,1,1,1,1,1,5,1,5,5,5,1,4,1,1,1,1,1,1
17,p25,Female,18,13,0,1,0,0,0,1,0,2,1,0,1,0,0,0,0,0,19,2,1,1,2,1,1,1,1,1,1,1,1,1,1,1,1,1,5,1,1,1,1,1,1,1,5,1,1,1,1,1,1,1,1,1,1,1,1,1,1,1,1,1,1,1,1,1,1,1,1,3,1,1,1,1,1,1,1,1,1,1,1,1,1,1,1,1,1,1
18,p26,Female,19,13,0,0,0,0,0,4,0,0,0,4,4,0,0,7,0,0,15,5,3,1,4,4,2,3,1,1,1,1,5,4,5,1,1,1,5,1,1,1,5,1,1,1,5,3,1,1,1,1,1,5,1,5,5,5,1,5,1,1,1,1,1,1,3,1,1,4,1,3,1,1,1,1,5,4,1,5,1,5,1,5,1,5,1,1,1,3
19,p27,Female,19,8,0,0,0,0,0,0,0,0,0,0,0,0,4,0,1,0,3,5,1,1,1,3,1,1,1,1,1,1,5,4,1,1,1,1,5,1,4,4,5,1,1,1,5,1,1,1,1,1,1,4,1,2,4,1,1,1,1,1,1,1,1,1,1,1,5,1,1,2,1,1,1,1,1,1,1,5,1,5,1,5,1,1,1,1,1,1
20,p29,Female,20,4,0,0,0,0,0,0,0,0,0,0,0,4,0,2,0,0,43,5,1,1,2,2,4,1,1,1,1,1,5,4,1,1,1,1,5,1,1,2,5,1,1,1,5,1,1,1,1,1,1,5,1,1,4,1,1,1,1,1,1,1,1,1,1,1,1,1,1,3,1,1,1,1,5,5,1,5,1,1,5,5,1,1,1,1,1,5
21,p3,Female,18,4,0,1,1,0,0,0,0,0,0,1,4,0,2,3,0,0,7,5,1,1,3,3,1,1,1,1,1,1,1,1,1,1,1,1,5,1,1,1,1,1,1,1,1,1,1,1,1,1,1,1,1,1,1,1,1,1,1,1,1,1,1,1,1,1,1,1,1,3,1,1,1,1,1,5,1,1,1,5,1,1,1,1,1,1,1,1
22,p31,Female,18,9,0,0,0,0,0,3,0,0,0,0,0,0,3,0,3,0,21,5,1,5,1,4,3,1,1,1,1,1,5,4,1,1,1,5,5,4,4,5,5,5,1,1,4,1,2,5,5,5,1,2,1,1,4,5,5,4,1,1,1,1,1,1,1,1,5,5,1,5,1,1,1,5,5,5,1,5,1,5,5,5,1,5,1,1,1,1
23,p32,Male,18,3,0,0,0,0,0,4,0,0,0,0,5,0,0,0,0,0,23,1,1,1,1,2,1,1,1,1,1,1,5,1,1,1,1,1,5,1,1,1,5,1,1,1,4,1,1,1,1,1,1,1,1,1,1,1,1,1,1,1,1,1,1,1,1,1,5,1,1,4,1,1,1,1,1,1,1,5,1,2,1,4,1,1,1,1,1,1
24,p33,Female,20,6,4,0,1,0,0,12,0,0,0,0,2,2,0,0,0,0,11,5,1,1,4,4,1,4,1,1,1,1,5,5,1,1,1,1,5,5,5,5,5,5,1,5,1,1,1,5,5,1,1,5,1,1,4,1,5,1,3,1,1,1,1,2,1,1,5,5,5,5,5,1,1,3,3,3,1,5,1,5,1,5,1,1,1,1,1,5
25,p34,Male,20,8,0,0,1,1,0,2,0,1,0,0,5,0,0,3,0,0,28,5,1,1,3,3,1,2,1,1,1,1,5,4,1,1,5,1,1,1,1,5,1,1,1,1,1,1,1,1,1,1,1,4,1,1,1,1,1,1,1,1,1,1,1,1,1,1,1,1,1,3,1,1,1,1,1,3,1,5,1,5,5,5,1,1,1,1,1,4
26,p36,Female,18,9,0,0,1,0,0,1,0,0,0,1,1,2,2,3,3,0,37,5,3,1,1,4,3,5,1,1,1,1,5,5,1,1,1,1,5,1,1,5,1,5,1,1,5,1,1,5,1,1,1,5,1,1,4,1,1,1,1,1,1,1,1,1,4,1,5,1,1,3,1,1,1,1,5,5,1,1,1,5,1,5,1,1,1,1,1,1
27,p37,Male,18,4,0,0,1,0,0,4,0,0,1,0,2,0,1,1,5,0,48,5,5,2,2,4,3,1,1,1,1,1,1,1,5,1,1,1,5,1,1,1,1,1,1,1,4,5,1,1,1,1,1,3,1,1,3,5,1,3,1,1,1,1,1,1,1,1,1,1,1,3,1,1,1,4,3,1,1,1,1,5,5,5,1,1,1,1,1,1
28,p38,Male,37,6,0,0,0,0,0,3,0,0,2,0,5,1,0,4,1,0,52,1,2,1,1,1,1,1,1,1,1,1,1,1,1,1,1,1,1,1,1,1,1,1,1,1,1,1,1,2,1,1,1,5,1,1,1,1,1,4,1,1,1,1,1,1,1,1,1,1,1,1,1,1,1,5,1,1,1,5,1,1,1,1,1,1,1,1,1,1
29,p39,Female,18,8,0,0,4,0,0,2,0,0,0,0,0,5,0,0,7,0,16,2,1,1,1,5,1,1,1,1,1,1,5,3,1,1,1,1,5,1,1,1,1,1,1,1,2,1,1,1,1,1,1,5,1,1,4,1,1,1,1,1,1,1,1,1,1,1,5,1,1,3,1,1,1,1,1,3,1,5,1,5,1,5,1,1,1,1,1,1
30,p4,Female,18,6,0,0,0,0,0,3,0,0,0,1,0,0,0,2,0,0,61,5,1,1,3,5,1,1,1,1,1,1,5,5,1,1,1,1,5,1,4,1,5,1,1,1,3,1,1,1,1,1,1,5,1,1,5,1,1,1,1,1,1,1,1,1,1,1,1,1,1,3,1,1,1,1,1,1,1,1,1,4,5,5,1,1,1,1,1,1
31,p40,Female,18,5,0,0,0,0,0,1,0,0,0,0,0,1,2,0,1,0,24,5,1,1,1,6,4,1,1,1,1,1,5,4,1,1,1,1,1,1,4,1,1,1,1,1,5,1,1,1,1,1,1,4,1,1,4,1,1,1,1,1,1,1,1,1,1,1,1,1,1,3,1,1,1,1,1,1,1,1,2,1,1,3,1,1,1,1,1,1
32,p41,Female,18,9,1,0,0,0,0,2,0,0,0,1,3,0,1,0,4,0,57,5,3,1,3,1,4,1,1,1,1,1,5,4,1,1,1,5,5,1,4,5,1,1,1,1,3,1,1,1,1,1,1,5,1,1,5,1,1,1,1,1,1,1,1,1,1,1,2,1,1,2,1,1,1,1,1,3,1,5,1,5,1,5,1,1,1,1,1,5
33,p42,Female,18,8,0,0,0,0,0,5,0,0,0,0,1,4,3,2,0,0,55,5,1,1,1,3,1,1,1,1,1,1,1,1,1,1,1,1,5,1,1,1,1,1,1,1,3,1,1,1,1,5,1,1,1,1,4,1,1,1,1,1,1,1,1,1,1,1,1,1,1,3,1,1,1,1,1,1,1,1,1,1,1,4,1,1,1,1,1,1
34,p43,Female,18,6,1,0,0,0,0,1,6,0,0,0,0,0,4,0,8,0,8,5,1,1,2,3,1,1,1,1,1,1,5,5,4,1,1,1,1,1,1,1,1,1,1,1,5,1,1,1,1,1,1,1,1,1,1,1,1,5,1,1,1,1,1,1,1,1,1,1,1,1,1,1,1,1,1,5,1,1,1,5,1,5,1,1,1,1,1,1
35,p44,Female,18,9,3,0,2,0,0,3,0,1,1,0,6,0,0,3,0,0,4,5,1,1,3,2,1,1,1,1,1,1,5,4,1,1,1,1,5,1,1,1,1,1,1,1,1,1,1,1,4,1,1,1,1,1,4,1,4,1,1,1,1,1,1,1,1,1,1,1,1,5,1,1,1,1,1,1,1,1,1,1,1,5,1,1,1,1,1,1
36,p45,Female,18,9,1,1,2,1,0,4,0,0,0,1,0,0,4,3,3,0,28,5,1,1,4,2,1,1,1,1,1,1,5,1,5,1,1,1,4,1,4,5,5,2,1,1,1,1,1,1,5,5,1,5,1,1,4,1,5,1,1,1,1,1,1,3,1,1,5,5,1,3,5,1,2,1,1,3,1,5,1,5,1,5,1,1,1,1,1,1
37,p46,Female,20,1,2,0,1,1,0,13,0,0,0,0,0,0,0,0,8,0,54,5,3,1,5,6,4,3,1,1,4,1,5,4,5,5,1,5,5,4,4,5,5,2,1,1,5,1,3,3,5,1,1,5,5,1,4,5,1,4,1,1,1,4,1,3,4,1,5,1,5,5,5,1,5,1,3,5,1,5,5,5,1,2,2,1,1,1,1,5
38,p47,Female,22,7,1,0,0,0,0,1,0,1,0,0,1,0,4,2,2,0,55,1,1,1,1,5,1,1,1,1,1,1,5,1,1,1,1,3,5,1,1,5,1,1,1,1,1,1,1,1,1,1,1,1,1,1,1,1,1,1,1,1,1,1,1,1,1,1,1,1,1,1,1,1,1,1,1,1,1,1,1,1,1,1,1,1,1,1,1,1
39,p48,Female,18,5,0,0,0,0,0,2,0,0,0,0,0,5,0,0,0,0,23,5,3,1,3,5,1,1,1,1,1,1,1,4,1,1,1,1,5,1,1,5,1,1,1,1,1,1,1,1,1,1,1,4,1,1,4,1,1,1,1,1,1,1,1,1,1,1,5,1,1,4,1,1,1,1,1,3,1,1,1,5,1,5,1,1,1,1,1,1
40,p49,Female,21,8,1,0,1,0,0,2,0,1,0,1,4,0,2,3,2,0,44,5,1,1,1,4,5,1,1,1,1,1,1,3,1,1,1,1,5,1,1,1,1,1,1,1,1,1,1,1,1,1,1,2,1,1,1,1,1,1,1,1,1,1,1,1,1,1,1,1,1,3,1,1,1,1,1,5,1,1,1,5,1,5,1,1,1,1,1,5
41,p5,Male,19,6,0,0,0,0,0,1,0,2,0,0,3,2,0,0,0,0,35,1,1,1,2,1,1,1,1,1,1,1,1,5,1,1,1,2,5,1,1,1,1,1,1,1,1,1,1,1,1,1,1,5,1,1,1,1,1,1,1,1,1,1,1,1,1,1,1,1,1,3,5,1,1,5,1,5,1,5,1,1,1,5,1,1,1,1,1,1
42,p50,Female,18,5,0,0,0,0,0,5,0,4,0,0,1,5,1,4,0,0,20,5,3,1,1,2,5,1,1,1,1,1,5,1,1,1,1,2,5,1,1,1,1,1,1,1,3,5,1,1,1,1,1,5,1,1,1,1,1,1,1,1,1,1,1,1,1,1,1,1,1,3,1,1,1,1,1,5,1,1,1,5,1,1,1,1,1,1,1,1
43,p51,Female,19,6,0,0,0,0,0,4,1,0,0,0,0,0,1,2,1,0,5,4,5,5,5,4,1,5,1,4,1,1,5,4,4,1,1,1,1,3,4,5,5,1,1,1,5,1,1,1,5,1,1,4,1,1,4,5,5,3,1,1,1,1,1,1,1,5,5,5,1,5,1,1,1,5,1,3,1,1,1,5,5,5,1,1,1,1,1,5
44,p52,Female,19,5,1,0,0,0,0,1,0,0,0,0,0,0,1,0,2,0,63,5,1,1,1,3,1,2,1,1,1,1,5,4,1,1,1,1,5,1,4,1,1,1,1,1,1,1,1,1,1,1,1,4,1,1,1,1,1,1,2,1,1,1,1,1,1,1,1,1,1,3,5,1,1,5,5,5,1,5,1,5,1,1,1,1,1,1,1,5
45,p54,Male,20,5,0,0,1,0,0,1,0,0,0,0,5,0,0,0,0,0,58,5,5,1,1,1,3,1,1,3,1,1,2,1,1,1,1,1,4,1,1,1,5,1,1,1,3,1,1,1,1,1,1,3,1,1,1,1,1,1,1,1,1,1,1,1,1,1,1,5,1,1,1,1,1,5,5,3,1,5,1,5,5,5,1,1,1,1,1,1
46,p55,Male,18,8,1,2,0,0,0,3,0,0,0,0,0,0,0,0,4,0,8,5,2,1,3,1,1,5,1,3,4,5,5,4,5,5,1,3,4,1,5,5,5,1,1,5,5,1,1,1,5,5,5,5,1,5,5,4,5,5,1,3,5,5,5,1,1,5,5,1,5,1,2,3,4,4,5,3,1,5,5,5,5,5,4,5,1,1,1,5
47,p58,Female,18,3,1,0,1,0,0,4,0,0,0,0,0,0,0,1,0,0,63,5,1,1,4,3,1,1,1,1,1,1,1,5,1,1,1,5,5,1,1,5,1,1,1,1,3,1,1,5,1,1,1,1,1,1,4,1,1,1,1,1,1,1,1,1,1,1,1,1,1,2,1,1,4,1,3,5,1,1,1,5,1,5,1,1,1,1,1,5
48,p59,Male,20,4,1,0,4,0,0,3,0,0,0,0,5,0,0,4,0,0,53,1,1,1,1,1,1,1,1,1,1,1,1,1,1,1,1,1,5,1,1,1,1,1,1,1,1,1,1,1,1,1,1,1,1,1,1,1,1,4,1,1,1,1,1,1,1,1,1,1,1,3,1,1,1,1,1,1,1,1,1,5,1,1,1,1,1,1,1,1
49,p60,Female,18,4,2,0,0,0,0,5,0,0,0,0,0,3,1,3,2,0,14,1,1,1,1,3,3,5,1,1,1,1,5,4,5,1,1,1,5,1,4,5,1,4,1,1,3,1,1,2,1,5,1,5,1,1,4,5,1,1,1,1,1,1,1,1,1,1,5,1,1,3,1,1,1,5,1,5,1,1,1,5,1,4,1,1,1,1,1,1
50,p62,Female,21,6,0,0,0,0,0,7,0,0,0,0,0,3,1,0,1,0,12,5,1,5,1,2,1,1,1,1,1,1,1,1,1,1,1,1,1,1,1,1,1,1,1,1,3,1,1,1,1,1,1,1,1,1,1,1,1,1,1,1,1,1,1,1,1,1,1,1,1,3,1,1,1,1,1,1,1,1,1,1,1,1,1,1,1,1,1,1
51,p63,Female,18,8,0,0,0,0,1,3,0,2,0,1,4,0,1,6,0,0,23,5,1,1,4,3,5,1,1,1,1,1,1,1,5,1,1,4,5,1,1,1,1,1,1,1,1,1,1,1,1,1,1,5,1,1,5,1,1,4,1,1,1,1,1,1,1,1,1,4,1,3,1,1,1,1,1,1,1,1,1,5,1,5,1,1,1,1,1,1
52,p64,Female,19,11,3,0,1,0,0,9,0,0,0,0,0,0,1,0,4,0,33,5,3,1,3,6,4,5,1,1,1,1,5,3,5,1,1,5,5,1,5,5,2,1,1,1,5,1,1,1,1,1,1,2,1,1,5,1,1,1,1,1,5,1,1,1,1,1,5,1,1,1,1,1,5,1,1,3,1,1,1,5,1,5,1,1,1,1,1,1
53,p65,Female,22,16,1,1,0,0,0,4,0,3,0,0,4,0,0,6,0,0,4,5,3,1,1,1,5,1,1,3,1,1,5,1,5,5,1,3,5,2,4,5,2,1,5,5,3,1,4,1,5,1,1,5,5,5,1,5,5,5,1,1,5,5,1,1,1,5,5,5,3,5,1,2,5,5,3,5,1,5,1,5,5,5,5,5,1,1,1,5
54,p66,Male,18,5,1,0,2,1,0,2,5,0,0,0,5,0,3,3,8,0,63,5,3,1,1,1,4,1,1,1,1,1,1,1,1,1,1,1,1,1,1,5,5,1,1,1,1,1,1,1,5,5,1,1,1,1,1,1,1,4,1,1,1,1,1,1,1,1,5,1,1,1,1,1,1,1,1,3,1,5,5,5,1,1,1,1,1,1,3,5
55,p67,Female,22,6,1,0,0,1,0,5,0,0,0,2,4,0,0,2,3,0,33,5,5,1,4,1,5,4,1,3,1,3,5,4,1,5,1,5,3,1,1,5,5,5,1,1,5,5,1,1,5,5,1,5,1,1,1,1,1,5,1,1,5,1,5,5,1,5,5,5,5,5,1,1,5,1,5,5,1,5,1,5,1,5,1,5,1,1,1,5
56,p69,Female,20,8,0,0,0,0,0,0,0,0,0,0,1,1,3,2,3,0,33,5,1,1,3,2,1,1,1,1,1,1,5,1,1,1,1,1,4,1,2,5,1,1,1,1,5,1,1,1,1,1,1,3,1,1,1,1,1,1,1,1,1,1,1,1,1,1,5,1,1,3,5,1,1,1,1,1,1,1,1,1,1,1,1,1,1,1,1,1
57,p7,Female,19,5,2,0,4,0,0,5,4,5,0,0,5,0,2,4,2,0,5,1,3,5,1,1,4,4,1,1,5,1,1,1,4,1,1,1,5,1,1,3,1,1,1,1,1,1,1,1,5,1,1,1,1,1,1,1,1,4,1,1,1,1,1,1,1,5,1,5,1,1,1,1,1,1,5,5,1,1,1,5,1,5,1,5,1,1,1,1
58,p70,Female,18,6,0,0,0,0,0,2,0,0,0,2,0,0,0,3,0,0,4,5,1,1,3,2.5,1,2,1,1,1,1,1,1,1,1,1,1,5,1,4,4,1,1,1,1,4,1,1,1,1,1,1,1,1,1,1,1,1,1,1,1,1,1,1,1,1,1,1,1,5,3,1,1,1,2,1,5,1,1,1,1,1,5,1,1,1,1,1,1
59,p72,Female,18,11,1,1,1,0,0,4,0,0,0,0,2,5,4,0,10,0,30,5,3,1,3,3,5,2,1,1,1,1,5,4,1,1,1,5,4,1,4,5,1,1,1,1,1,1,1,1,1,1,1,3,1,1,4,5,1,1,1,1,1,1,1,1,1,1,1,1,1,1,1,1,1,1,1,1,3,1,1,5,1,1,1,1,1,1,1,1
60,p73,Female,19,8,0,0,0,3,0,3,0,3,3,0,4,1,0,1,1,0,14,1,1,1,2,2,5,1,1,1,1,1,1,1,1,1,1,1,1,1,1,1,4,1,1,1,3,1,1,1,1,1,1,5,1,1,1,1,1,1,1,1,1,1,1,1,1,1,1,1,1,4,1,1,1,1,1,1,1,1,1,1,1,1,1,1,1,1,1,1
61,p74,Male,19,3,1,0,0,0,0,3,0,0,0,0,1,4,0,2,0,0,17,1,3,1,3,2,1,1,1,2,1,1,5,4,1,1,1,1,5,1,1,5,5,1,1,1,3,1,1,1,1,1,1,4,1,1,1,1,1,4,1,1,1,1,1,3,1,1,1,1,1,3,1,1,1,5,1,5,1,5,1,5,1,4,1,1,1,1,1,1
62,p75,Female,19,9,0,0,0,0,0,1,0,1,0,0,2,0,2,2,0,0,23,5,1,1,4,1,4,1,1,1,1,1,1,1,1,1,1,1,5,1,1,1,1,1,1,1,1,1,1,1,1,1,1,1,1,1,1,1,1,1,1,1,1,1,1,1,1,1,1,1,1,3,1,1,1,1,1,1,1,1,1,5,1,4,1,1,1,1,1,1
63,p76,Female,21,6,0,0,1,0,0,2,0,0,0,0,4,0,0,4,0,0,61,5,1,1,4,3,1,1,1,1,1,1,1,1,2,1,1,1,5,1,1,1,5,1,1,1,1,1,1,1,1,1,1,1,1,1,4,1,1,1,1,1,1,1,1,1,1,1,1,1,1,3,1,1,1,1,1,2,1,1,1,5,1,4,1,1,3,1,1,1
64,p8,Female,34,5,4,11,1,0,0,15,4,0,0,0,2,0,0,7,0,0,27,5,1,1,3,1,1,1,1,1,1,1,1,5,1,1,2,1,5,1,1,1,5,1,1,1,1,1,1,2,1,1,1,1,1,1,4,1,1,5,3,1,1,1,1,5,1,5,1,1,1,3,1,1,1,1,1,4,1,1,5,5,5,2,1,1,1,1,1,1
65,p9,Female,19,5,0,0,1,1,0,0,0,0,0,0,1,0,5,6,5,0,53,5,1,1,5,4,1,5,1,1,1,1,5,5,5,1,1,4,5,1,1,1,1,1,1,1,1,1,1,5,1,1,1,3,1,1,4,1,1,1,1,1,5,1,1,1,1,1,1,1,1,2,1,1,1,5,1,5,1,1,1,5,1,5,1,1,1,1,1,3
66,p101,Female,19,2,0,1,0,0,0,3,0,0,0,0,10,0,1,3,3,0,61,5,1,5,3,2,2,1,1,1,1,1,1,5,1,1,1,1,5,1,1,1,1,1,1,1,1,5,1,5,1,5,1,1,1,1,1,1,1,1,1,1,1,1,1,1,1,1,1,1,1,5,1,1,1,5,1,1,1,1,1,5,1,1,1,1,1,1,1,5
67,p102,Male,19,0,1,0,5,1,0,6,0,0,0,0,0,0,0,0,5,0,42,5,5,5,3,2,3,1,5,3,5,5,5,5,5,5,2,1,5,5,4,5,5,5,4,5,5,5,5,3,5,5,5,4,3,5,1,5,5,4,3,1,5,5,1,3,5,5,5,1,2,5,5,5,3,1,3,5,3,5,5,5,5,4,1,1,1,5,1,1
68,p103,Female,18,2,1,0,0,5,0,1,0,0,0,0,0,2,2,0,2,0,49,5,1,1,3,3,2,1,1,1,1,1,5,5,1,1,1,1,5,1,4,1,1,1,1,1,1,1,1,1,5,5,1,3,1,1,1,1,5,1,1,1,1,1,1,1,1,5,5,1,1,5,1,1,3,5,1,5,1,5,1,5,1,4,1,1,1,1,1,1
69,p106,Male,19,8,2,0,0,0,0,3,0,0,0,0,0,1,1,0,3,0,1,5,5,1,1,3,5,5,1,1,1,1,1,5,1,1,1,1,1,1,5,1,5,1,1,1,1,1,1,1,1,1,1,4,1,1,1,1,1,1,1,1,5,1,1,1,1,1,5,1,1,2,5,1,1,1,1,5,1,1,1,3,5,1,1,1,1,1,1,1
70,p107,Male,18,10,0,0,0,0,0,7,0,0,0,0,1,3,1,1,4,0,46,5,2,5,1,1,5,5,1,3,1,1,5,5,1,1,1,1,5,1,4,5,5,1,1,1,5,1,4,3,5,5,1,5,5,1,4,1,1,5,1,1,1,5,1,1,5,5,5,2,1,2,5,1,1,5,1,2,1,5,1,5,5,5,1,1,1,1,1,1
71,p108,Male,19,8,0,0,2,0,0,3,0,0,0,0,13,0,1,1,0,0,3,5,1,1,1,2,5,1,1,1,1,1,1,1,1,1,1,1,1,1,1,1,1,1,1,1,5,1,1,1,1,1,1,1,1,1,1,1,1,1,1,1,1,1,1,1,1,1,1,1,1,2,1,1,1,1,1,5,1,1,1,1,1,5,1,1,1,1,1,1
72,p109,Female,19,7,1,1,0,0,0,3,0,0,0,0,1,4,0,0,0,0,45,5,1,1,4,1,2,1,1,1,1,1,3,1,1,1,1,1,5,1,1,5,1,1,1,1,1,1,1,1,1,1,1,1,1,1,4,1,1,1,1,1,1,1,1,1,1,1,1,1,1,2,1,1,1,1,1,1,1,1,1,1,1,1,1,1,1,1,1,1
73,p110,Male,19,4,0,0,0,0,0,0,0,0,0,0,0,3,1,0,3,0,58,3,3,1,1,2,5,1,1,1,1,1,5,1,1,1,1,1,5,1,4,1,1,1,1,1,1,1,1,1,1,1,1,4,1,1,4,1,1,1,1,1,1,1,1,1,1,1,1,1,1,3,1,1,1,1,1,5,1,5,1,5,1,1,1,1,1,1,1,1
74,p112,Female,24,14,0,0,1,0,0,1,0,1,0,1,2,0,2,6,0,0,53,5,1,5,3,1,2,1,1,1,1,1,5,1,5,1,1,1,5,1,4,5,5,1,1,1,1,1,4,1,5,5,1,5,1,1,1,1,1,1,1,1,1,1,1,1,1,1,1,5,1,5,1,1,1,1,1,5,1,5,1,5,1,5,1,1,1,1,1,1
75,p113,Female,35,3,0,3,0,0,0,3,0,0,0,0,0,0,0,0,0,0,29,5,1,1,3,2,2,1,1,3,1,1,1,1,1,1,1,1,5,1,1,4,5,1,1,1,3,1,1,1,1,1,1,1,1,1,1,1,1,4,1,1,1,1,1,3,2,1,1,1,1,1,1,1,1,1,1,1,1,1,1,5,1,1,1,1,1,1,1,1
76,p114,Female,18,4,0,1,0,0,0,2,0,0,0,0,4,0,0,2,4,0,36,5,1,1,4,2,4,1,5,3,1,1,5,5,5,5,1,1,5,1,5,5,5,5,1,1,5,1,1,1,5,5,1,1,1,1,1,1,5,1,1,1,1,4,1,1,1,5,1,5,1,2,5,1,5,5,3,5,1,5,1,5,5,5,5,5,1,1,1,1
77,p117,Female,21,6,0,0,0,0,0,0,0,0,4,0,0,0,0,3,0,0,48,1,1,1,1,2,1,1,1,1,1,1,1,5,1,1,1,1,4,1,1,1,1,1,1,1,1,1,1,1,1,1,1,1,1,1,1,1,1,1,1,1,1,1,1,1,1,1,1,1,1,1,1,1,1,1,1,1,1,1,1,5,1,4,1,1,1,1,1,1
78,p118,Female,18,6,0,0,0,0,0,5,0,3,3,0,1,0,3,1,0,0,20,1,1,1,1,2,5,1,1,1,1,1,1,5,4,1,1,5,5,1,1,5,1,1,1,1,1,1,1,1,1,1,1,1,1,1,1,1,1,1,1,1,1,1,1,1,1,1,1,1,1,1,1,1,1,1,5,5,1,1,1,5,1,1,1,1,1,1,1,1
79,p119,Male,18,5,0,0,0,0,0,3,0,2,5,3,3,1,3,5,0,0,17,5,3,1,2,2,3,1,1,1,1,1,1,5,1,1,1,1,5,1,1,1,1,1,1,1,5,1,1,1,1,1,1,1,1,1,1,1,1,4,1,1,1,1,1,4,1,1,1,1,1,2,1,1,1,1,1,5,1,1,1,5,1,4,1,1,1,1,1,1
80,p120,Male,18,6,0,2,0,0,0,7,0,9,4,6,14,0,1,2,0,0,57,5,2,5,1,2,2,1,1,1,1,1,5,1,1,1,1,1,2,1,1,5,1,1,1,1,1,1,1,1,1,1,1,2,1,1,1,1,1,1,1,1,1,1,1,1,1,1,5,1,1,2,1,1,1,5,1,5,1,1,1,4,1,5,1,1,1,1,1,1
81,p121,Male,23,9,1,0,1,0,0,5,0,1,1,1,2,0,10,6,4,0,1,1,3,5,1,1,3,5,1,3,1,3,1,1,5,1,1,1,5,1,1,1,5,1,1,1,1,1,1,1,5,1,1,1,1,1,1,1,1,4,1,1,1,1,1,1,5,1,1,1,1,5,1,1,1,5,5,5,1,5,1,5,1,4,1,1,1,1,1,5
82,p122,Female,21,6,1,1,0,0,0,2,0,0,0,3,3,0,1,6,2,1,64,1,1,5,1,2,5,1,1,3,1,1,5,1,1,1,1,1,5,1,1,5,1,1,1,1,1,1,1,1,1,1,1,1,1,1,4,1,1,5,1,1,1,1,1,3,1,1,4,1,5,1,1,1,1,1,1,5,1,5,3,5,1,4,1,1,1,1,1,1
83,p123,Male,36,6,0,0,0,0,0,3,0,0,0,0,2,0,0,4,0,0,51,5,2,1,5,1,2,1,1,2,1,1,3,5,1,1,5,1,5,1,1,5,5,1,1,1,1,1,1,1,5,1,1,5,1,1,1,1,5,4,1,1,1,5,1,5,1,1,1,1,1,3,5,1,1,4,1,1,1,5,5,5,5,2,5,1,1,1,1,1
84,p124,Female,18,6,0,0,0,0,0,8,7,5,0,0,2,0,3,1,8,1,22,5,2,5,4,3,3,5,1,3,1,1,4,4,1,1,1,3,5,5,4,5,5,5,1,1,2,5,4,1,5,5,5,3,1,5,1,5,5,2,1,1,5,1,1,5,1,5,5,4,1,5,5,5,4,1,5,5,1,1,1,5,5,5,4,5,1,1,1,1
85,p126,Female,18,9,0,0,1,0,0,1,0,10,0,2,3,0,5,4,0,0,20,5,1,1,2,3,1,1,1,1,1,1,1,1,1,1,1,1,5,1,1,1,1,1,1,1,1,1,1,1,1,1,1,1,1,1,1,1,1,1,1,1,1,1,1,1,1,1,1,1,1,1,1,1,5,1,1,5,1,1,1,5,1,5,1,1,1,1,1,1
86,p127,Male,18,7,0,0,0,0,0,5,0,0,0,0,2,1,0,2,1,0,63,5,5,3,4,2,1,1,1,1,1,1,5,5,3,1,1,1,5,1,1,5,1,1,1,1,4,1,1,1,5,5,1,1,1,1,4,1,1,1,1,1,1,1,1,1,1,1,5,1,1,3,1,1,1,5,1,5,1,5,1,5,5,5,1,1,1,1,1,1
87,p128,Female,18,8,0,2,2,0,0,2,0,2,3,4,4,0,1,4,0,0,54,5,1,1,4,2,4,1,1,1,1,1,5,5,1,1,1,1,5,3,1,5,1,5,1,1,3,1,1,1,1,1,1,1,1,1,1,1,1,1,1,1,1,1,1,1,1,1,5,1,5,2,1,1,1,1,3,5,1,1,5,1,1,5,1,1,1,1,1,1
88,p129,Female,19,7,0,0,0,0,0,1,1,4,0,0,2,0,0,2,0,0,11,5,3,1,2,4,1,1,1,3,1,1,1,1,1,1,1,3,5,1,1,5,1,1,1,1,1,1,1,1,3,1,1,4,1,1,4,1,1,1,3,1,1,1,1,1,1,1,1,1,1,2,1,1,1,5,5,1,1,1,1,5,1,1,1,1,1,1,1,1
89,p130,Female,19,6,0,0,0,0,0,8,0,0,4,0,0,4,1,1,6,0,23,1,1,1,1,3,1,1,1,1,1,1,1,1,1,1,1,1,4,1,4,1,1,1,1,1,1,1,1,1,5,1,1,5,1,1,5,1,1,1,1,1,1,1,1,1,1,1,5,1,1,2,1,1,1,1,1,5,1,5,1,5,1,4,1,1,1,1,1,5
90,p131,Female,18,14,0,0,1,0,0,3,0,11,5,0,0,0,0,2,0,0,58,1,1,1,1,1,1,1,1,1,1,1,1,1,1,1,1,1,5,1,1,1,1,1,1,1,1,1,1,1,1,1,1,1,1,1,1,1,1,1,3,1,1,1,1,1,1,1,1,1,1,2,1,1,1,1,1,1,1,1,1,5,3,1,1,1,1,1,1,1
91,p132,Female,18,5,0,0,0,0,0,0,0,0,0,0,0,0,1,0,0,0,12,2,1,1,1,2,1,1,1,1,1,1,1,1,1,1,1,1,5,1,1,1,1,1,1,1,1,1,1,1,1,1,1,1,1,1,1,1,1,1,3,1,1,1,1,1,1,1,1,1,1,1,1,1,1,1,1,1,1,1,1,5,1,1,1,1,1,1,1,1
92,p133,Female,19,7,0,0,0,0,0,0,0,2,5,0,4,4,1,1,1,0,30,1,1,1,1,1,5,1,1,3,1,1,1,1,1,1,1,1,5,1,1,1,1,1,1,1,5,1,1,1,1,1,1,1,1,1,1,1,1,1,1,1,1,1,1,1,1,1,1,1,1,2,1,1,1,1,1,1,1,1,1,5,1,1,1,1,1,1,1,5
93,p134,Female,19,4,0,0,0,0,0,3,0,7,2,0,1,0,0,5,0,0,8,1,1,1,1,1,2,1,1,1,1,1,1,5,1,1,1,1,5,1,1,1,1,1,1,1,1,1,1,1,1,1,1,1,1,1,4,1,1,1,1,1,1,1,1,1,1,1,1,1,1,2,1,1,1,1,1,4,1,1,1,5,1,4,1,1,1,1,1,1
94,p135,Female,18,2,0,0,2,0,0,0,0,0,3,0,0,0,1,1,0,0,41,1,1,1,1,1,1,1,1,1,1,5,1,1,1,1,1,1,1,1,1,5,1,1,1,1,1,1,1,1,5,5,1,1,1,1,1,1,1,4,1,1,5,1,5,1,1,1,1,1,1,1,1,1,1,1,1,1,1,1,1,5,1,4,1,5,1,1,1,1
95,p136,Male,41,2,0,0,0,0,0,0,0,2,0,0,0,0,0,0,0,0,4,1,1,1,1,1,1,1,1,1,1,1,1,1,1,1,1,1,1,1,1,1,1,1,1,1,1,1,1,1,1,1,1,1,1,1,1,1,1,1,1,1,1,1,1,1,1,1,1,1,1,1,1,1,1,1,1,1,1,1,1,5,1,1,1,1,1,1,1,1
96,p137,Female,19,7,0,0,2,0,0,2,0,0,0,0,4,0,2,1,0,0,27,1,1,1,1,1,1,1,1,1,1,1,1,1,1,1,1,1,5,1,1,1,1,1,1,1,1,1,1,1,1,1,1,1,1,1,1,1,1,1,1,1,1,1,1,1,1,1,1,1,1,2,1,1,1,1,1,1,1,1,1,2,1,1,1,1,1,1,1,1
97,p138,Male,20,15,0,0,0,0,0,1,0,1,0,0,1,0,2,0,0,0,8,1,1,1,2,1,1,1,1,1,1,1,1,1,1,1,1,1,1,1,1,1,1,1,1,1,4,1,1,1,1,1,1,1,1,1,1,1,1,5,1,1,1,1,1,1,1,1,1,1,1,3,1,1,1,1,1,1,1,5,5,1,1,1,1,1,1,1,1,1
98,p139,Female,18,3,0,0,1,1,0,3,3,0,0,0,5,0,0,0,0,0,42,5,3,1,1,4,1,1,1,1,1,1,5,1,1,1,1,1,5,1,4,1,1,1,1,1,1,1,1,1,1,1,1,1,1,1,1,1,1,1,1,1,1,1,1,1,1,1,1,1,1,2,1,1,1,1,1,5,1,1,1,5,1,5,1,1,1,1,1,1
99,p140,Female,27,5,0,0,0,0,0,0,0,0,0,0,0,5,0,0,0,0,59,5,1,1,2,1,5,1,1,1,1,1,1,1,1,1,1,1,5,1,1,1,1,1,1,1,1,1,1,1,1,1,1,1,1,1,1,1,1,1,1,1,1,1,1,1,1,1,1,1,5,1,1,1,1,1,1,1,1,5,1,5,1,4,1,1,1,1,1,1
100,p141,Male,18,11,2,0,2,0,0,1,0,4,3,0,0,0,0,2,4,0,26,5,5,5,2,1,3,1,1,1,1,1,1,5,1,1,1,1,5,1,1,5,1,1,1,1,5,5,1,1,1,1,1,5,1,1,4,1,1,4,1,1,1,1,1,1,1,1,5,4,1,2,1,1,1,1,1,5,1,5,1,5,5,4,1,1,1,1,1,5
101,p142,Female,21,6,0,0,0,0,0,2,0,0,5,1,5,0,1,4,0,0,33,5,1,1,3,1,1,1,1,1,1,1,1,5,1,1,2,1,5,1,1,5,1,1,1,1,1,1,1,1,5,5,1,1,1,1,1,1,1,1,1,1,1,1,1,1,1,1,1,1,1,2,1,1,1,1,3,5,1,5,1,1,5,5,1,1,1,1,1,5
102,p143,Male,18,8,0,0,0,0,0,1,0,7,0,3,2,0,1,4,0,0,53,1,1,1,1,1,2,3,1,3,1,1,1,1,1,1,1,1,5,1,1,1,1,1,1,1,3,1,1,1,1,1,1,1,1,1,4,1,1,4,1,1,1,1,1,4,1,1,1,4,1,2,1,1,1,1,3,1,1,1,1,5,1,1,1,1,1,1,1,1
103,p144,Male,18,6,0,0,0,0,0,2,0,5,5,0,4,0,0,1,0,0,17,1,1,1,1,1,4,1,1,1,1,1,1,5,1,1,1,1,5,1,4,1,1,1,1,1,1,1,1,1,5,1,1,1,1,1,4,1,1,1,1,1,1,1,1,1,1,1,1,1,1,3,1,1,1,1,1,5,1,5,1,5,1,5,1,1,1,1,1,5
104,p145,Male,18,9,1,1,1,0,0,5,0,0,0,0,15,0,0,2,0,0,54,5,5,1,3,2,1,1,1,1,1,1,5,1,1,1,1,1,5,1,4,1,1,1,1,1,1,1,1,1,5,1,1,3,1,1,4,1,1,1,1,1,1,1,1,1,1,1,5,1,1,2,1,1,1,1,3,5,1,5,1,5,1,4,1,1,1,1,1,1
105,p146,Female,18,13,2,0,0,0,0,5,0,1,4,0,5,0,0,5,0,0,61,5,1,1,1,1,4,1,1,1,1,1,1,1,1,1,1,1,1,1,1,1,1,1,1,1,1,1,1,1,5,1,1,1,1,1,1,1,1,1,1,1,1,1,1,1,1,1,1,1,1,2,1,1,1,1,1,5,1,1,1,5,1,1,1,1,1,1,1,1
106,p147,Female,20,6,0,0,0,0,0,0,0,1,3,0,0,0,1,0,3,0,32,5,1,1,1,3,1,1,1,1,1,1,1,1,1,1,1,1,1,1,1,1,1,1,1,1,1,1,1,1,1,1,1,1,1,1,1,1,1,1,1,1,1,1,1,1,1,1,1,1,1,1,1,1,1,1,1,1,1,1,1,1,1,1,1,1,1,1,1,1
107,p148,Male,19,9,0,1,1,0,0,3,0,5,0,0,1,0,3,3,0,0,38,1,1,1,2,1,1,1,1,1,1,1,1,1,1,1,2,1,5,1,5,5,1,1,1,1,4,1,1,5,1,1,1,1,1,1,1,1,1,1,1,1,1,1,1,1,3,1,5,1,1,2,1,1,1,1,3,5,1,1,1,4,1,4,1,1,1,1,1,1
108,p149,Female,18,8,0,1,0,2,0,0,0,0,0,0,2,0,4,5,4,0,57,5,3,5,3,2,1,1,1,1,1,1,5,5,1,1,1,1,5,1,1,1,1,1,1,1,3,3,5,5,1,5,5,5,1,1,5,1,5,5,1,1,5,1,1,1,1,5,1,1,1,2,4,1,1,1,1,5,1,5,1,5,5,5,5,1,1,1,1,1
109,p150,Female,22,7,0,0,0,0,0,0,0,1,2,0,3,0,4,1,2,0,60,5,2,1,1,4,1,1,1,1,1,1,5,5,1,5,1,1,5,3,1,5,1,1,1,5,5,1,1,5,5,5,1,1,5,1,4,1,1,1,1,1,1,1,1,3,2,1,1,1,5,5,1,1,5,1,3,5,1,5,1,5,5,5,1,5,1,1,1,5
110,p151,Male,18,9,2,0,1,0,1,7,0,5,0,2,6,0,1,1,4,0,36,1,1,1,1,2,1,1,1,3,1,1,5,5,1,1,1,1,4,1,1,1,1,1,1,1,3,1,1,1,1,1,1,3,1,1,1,1,1,1,1,1,5,1,1,1,1,1,1,1,1,2,5,1,1,1,5,5,1,1,1,1,1,1,1,1,1,1,1,1
111,p152,Male,18,7,4,2,0,0,0,6,0,6,4,0,4,0,3,1,2,0,39,5,3,1,2,2,1,1,1,1,1,4,5,5,1,1,1,1,5,1,5,2,5,1,1,1,3,1,1,1,1,3,1,3,1,1,5,1,1,1,1,1,1,1,1,1,1,1,5,1,1,2,1,1,1,2,1,5,1,1,1,5,1,5,1,1,1,1,1,1
112,p153,Female,19,6,0,0,0,0,0,3,0,3,1,1,4,0,0,3,0,0,7,5,3,1,1,2,4,4,1,3,1,1,1,1,1,5,1,2,5,1,4,5,2,1,1,1,5,1,1,1,1,5,5,5,1,1,1,1,5,1,1,1,1,1,1,1,1,1,1,1,1,3,1,1,1,5,1,5,1,1,1,5,1,5,1,1,1,1,4,1
113,p154,Female,18,6,0,0,0,0,0,2,0,0,2,2,1,0,0,13,1,0,50,1,1,1,3,1,1,1,1,3,1,1,5,5,1,1,1,5,5,1,1,5,1,1,1,1,1,1,1,1,1,1,1,1,1,1,1,1,1,1,1,1,1,1,1,1,1,1,5,1,1,2,1,1,1,1,1,5,1,1,1,5,1,5,1,1,1,1,1,1
114,p156,Female,20,4,0,0,1,0,0,3,0,0,0,5,0,0,0,5,0,0,29,5,1,1,4,1,1,4,1,1,1,1,5,5,1,1,1,1,5,1,1,1,1,1,5,1,1,1,1,1,1,1,1,1,1,1,1,1,1,1,1,1,1,1,1,1,1,1,1,1,1,2,1,1,1,5,1,5,1,1,1,5,1,5,1,1,1,1,1,1
115,p157,Female,18,4,0,0,0,0,0,4,0,0,2,0,2,0,1,0,1,0,50,5,5,5,4,3,4,5,1,1,5,5,5,5,5,5,1,5,5,5,4,5,5,5,5,5,5,1,5,1,5,5,5,5,5,1,1,5,5,4,1,1,5,1,5,1,5,5,5,4,5,5,5,5,3,1,5,5,3,5,5,5,5,5,4,4,1,5,1,1
116,p159,Female,18,8,1,0,1,0,0,2,0,3,2,0,2,0,1,1,1,0,62,5,1,1,4,2,1,1,1,1,1,1,5,5,1,1,1,1,5,1,4,1,1,5,1,1,1,1,1,5,5,1,1,3,5,1,4,1,1,1,1,1,1,1,1,3,1,1,1,1,1,5,1,1,1,1,1,5,1,1,1,5,1,5,1,1,1,1,1,5
117,p160,Female,22,7,0,0,0,0,0,6,0,0,0,0,0,2,2,0,2,0,23,5,3,1,3,2,1,5,1,1,1,1,1,1,1,1,1,5,4,1,5,4,5,1,1,1,1,5,1,1,1,1,1,3,1,1,1,1,1,1,1,1,1,1,1,3,1,1,1,5,1,5,1,1,1,5,1,5,1,5,1,5,1,4,1,1,1,1,1,5
118,p161,Female,30,15,0,0,0,0,0,0,0,8,11,1,1,7,3,2,4,0,60,5,3,1,4,2,1,1,1,1,1,1,1,1,1,1,1,1,5,1,1,5,1,1,1,1,1,1,1,1,1,1,1,3,1,1,4,1,1,1,1,1,1,1,1,1,1,1,1,1,1,1,1,1,1,1,1,5,1,1,1,1,1,5,1,1,1,1,1,1
119,p162,Female,18,6,0,2,2,0,0,1,0,0,0,0,8,0,1,10,0,0,47,5,1,1,1,2,2,1,5,1,1,1,4,5,4,1,1,1,5,1,1,5,5,1,1,1,5,1,5,1,5,5,1,1,1,1,4,5,1,1,1,1,1,1,1,1,1,1,1,1,1,2,1,1,1,1,5,5,1,5,1,5,5,5,1,1,1,1,1,5
120,p163,Male,34,7,0,0,0,0,0,3,0,0,0,0,1,0,0,9,0,0,9,5,1,5,1,1,3,1,1,3,1,4,4,5,5,1,2,1,5,1,1,5,5,1,1,1,5,3,1,1,1,1,1,1,5,1,1,4,1,4,1,1,1,1,1,4,1,1,1,1,1,4,1,1,1,5,1,1,1,5,2,4,5,5,1,1,1,1,1,1
121,p164,Female,19,5,0,0,0,0,0,0,0,0,0,1,1,0,1,2,0,0,53,1,1,1,1,1,4,1,1,1,1,1,1,1,1,1,1,1,5,1,1,1,1,1,1,1,1,1,1,1,5,5,1,1,1,1,1,1,1,1,1,1,1,1,1,1,1,1,1,1,1,1,1,1,1,1,1,5,1,1,1,5,1,2,1,1,1,1,1,1
122,p165,Female,18,6,0,0,0,0,0,0,0,2,0,0,4,5,1,1,3,0,18,5,1,1,3,4,1,1,1,1,1,1,5,1,1,1,1,1,5,1,1,1,1,1,1,1,1,1,1,1,1,1,1,1,1,1,1,1,1,1,1,1,1,1,1,1,1,1,1,1,1,1,1,1,1,1,5,1,1,1,1,5,1,5,1,1,1,1,1,5
123,p166,Female,19,8,0,0,0,0,0,7,0,0,0,1,1,0,2,3,3,0,39,5,2,5,3,4,1,5,1,3,5,5,5,5,5,5,1,5,4,5,5,5,5,4,5,5,5,1,1,1,5,5,4,5,5,5,4,5,5,4,3,1,5,5,1,1,1,5,5,5,5,5,5,4,5,5,5,5,5,5,1,5,5,5,5,5,1,5,1,1
124,p167,Male,24,6,0,0,0,0,0,3,0,0,0,0,1,0,3,5,5,0,59,5,1,1,3,2,1,5,1,1,1,5,5,5,5,5,1,1,5,2,4,1,5,1,1,5,1,5,4,5,5,5,1,5,1,1,1,1,5,4,1,1,1,1,1,1,1,1,5,1,5,1,3,1,1,1,1,5,1,1,1,5,5,2,1,1,5,5,1,1
125,p168,Female,18,5,0,0,0,0,0,0,0,0,0,0,3,0,0,4,0,0,35,5,3,1,3,2.5,2,1,1,1,1,1,5,1,1,1,1,1,5,1,4,1,5,1,1,1,3,3,1,1,1,1,1,1,1,1,4,1,1,1,1,1,1,1,1,3,5,1,5,4,1,2,4,1,1,1,1,5,1,1,1,5,5,1,1,1,1,1,1,5
126,p169,Male,19,4,0,0,0,0,0,0,1,12,3,1,2,0,1,4,6,0,60,1,1,1,3,1,2,5,1,1,1,1,1,5,1,1,1,1,5,1,1,1,1,1,1,1,1,1,1,1,1,1,1,4,1,1,1,1,1,4,1,1,5,1,1,5,1,1,5,1,1,2,3,1,1,1,1,5,1,1,1,5,1,2,1,1,1,1,1,5
127,p170,Male,19,3,0,1,0,5,0,0,7,1,3,0,0,0,0,0,0,0,32,5,5,1,1,1,1,5,1,1,1,1,5,5,1,1,1,1,5,1,1,5,5,5,1,1,5,1,4,1,5,5,1,5,1,1,4,1,1,5,1,1,5,1,1,5,1,1,1,1,5,5,1,1,1,5,1,5,1,5,1,1,3,5,1,1,1,1,1,5
128,p171,Female,18,2,1,0,0,0,0,1,0,1,0,0,3,5,0,1,0,0,21,5,1,1,3,2,1,1,1,1,1,1,5,1,1,1,1,1,5,1,1,1,1,1,1,1,1,1,1,1,1,1,1,3,1,1,1,1,1,1,1,1,5,1,1,1,1,1,1,1,5,1,1,1,1,5,1,1,1,1,1,5,1,5,1,1,1,1,1,1
129,p172,Male,31,4,0,0,0,0,0,2,0,0,0,0,2,0,0,1,0,0,53,1,5,1,4,1,3,4,1,1,1,1,1,1,4,1,5,4,5,1,1,1,5,1,1,5,1,5,1,1,5,5,1,1,1,1,1,1,1,5,1,1,1,1,1,4,5,1,1,1,1,5,5,1,1,1,3,5,1,5,4,5,1,1,1,1,1,1,1,5
130,p173,Female,19,4,0,0,1,0,1,0,0,0,2,0,8,0,0,3,0,1,54,1,1,5,1,1,4,1,1,1,1,1,1,1,4,1,2,1,5,1,1,1,1,1,1,1,1,1,1,1,5,1,1,5,1,1,4,1,1,1,1,1,5,1,1,1,1,1,1,1,1,2,1,1,1,3,5,5,3,1,1,5,1,5,1,1,1,1,1,1
131,p174,Male,19,6,0,0,1,0,0,1,0,1,2,1,0,0,0,0,0,1,8,1,1,1,2,1,1,1,1,1,1,1,1,1,1,1,1,1,4,1,1,1,1,1,1,1,1,1,1,1,1,1,1,1,1,1,1,1,1,1,1,1,1,1,1,1,1,1,1,1,1,2,1,1,1,1,1,1,1,1,1,5,1,1,1,1,1,1,1,1
132,p175,Male,19,4,1,1,1,0,0,2,1,1,0,0,0,0,0,4,3,0,27,5,3,5,4,2,4,1,1,1,1,1,1,1,1,1,1,1,5,1,1,5,1,1,1,1,1,1,1,3,5,5,1,5,1,1,1,1,5,4,1,1,5,1,1,1,1,1,1,2,1,2,1,1,1,5,3,5,1,5,1,5,1,1,1,1,1,1,1,5
133,p177,Female,48,6,0,0,0,0,0,1,0,2,0,0,1,1,1,0,0,0,49,1,1,1,1,1,4,1,1,1,1,1,1,4,1,1,1,1,4,1,1,5,1,1,1,1,4,1,1,1,1,1,1,1,1,1,4,1,1,1,1,1,5,1,1,4,1,1,1,1,1,1,1,1,1,1,1,3,1,1,1,5,1,1,1,1,1,1,1,1
134,p178,Male,20,2,2,0,0,0,0,3,0,0,4,0,3,0,0,3,0,0,45,5,2,1,1,2,1,1,1,1,1,1,5,5,1,1,1,1,5,1,1,5,1,1,1,1,1,1,1,1,1,1,1,4,1,1,1,1,1,1,1,1,1,1,1,1,1,1,5,3,1,2,1,1,1,1,5,5,1,1,1,5,5,4,1,5,1,1,1,5
135,p179,Male,21,5,0,0,0,0,0,1,0,0,2,0,3,0,0,1,0,0,39,5,1,1,1,5,4,1,1,1,1,1,5,5,1,1,1,1,5,2,1,1,1,1,1,1,1,1,1,1,1,1,1,1,1,1,4,1,1,1,1,1,1,1,1,1,1,1,5,1,1,2,5,1,1,1,5,5,1,5,1,5,5,5,1,1,1,1,1,1
136,p180,Male,18,1,1,1,0,0,0,3,0,3,0,0,0,0,0,0,1,0,36,5,1,5,1,1.5,3,4,1,1,1,1,1,1,3,1,1,1,3,1,1,5,1,1,1,5,1,1,1,3,5,1,1,5,1,1,5,1,1,4,1,1,5,1,1,4,1,2,5,5,1,3,1,1,5,5,1,1,1,5,1,5,1,1,1,1,1,1,1,5
137,p181,Male,18,6,0,0,0,0,0,1,0,0,3,0,0,0,0,2,0,0,62,5,5,1,3,1,1,4,1,1,1,5,5,5,1,1,1,1,5,1,4,5,5,1,1,1,1,1,1,1,5,5,1,2,1,5,1,5,5,4,1,1,1,1,1,1,5,1,1,5,1,3,2,1,4,5,1,5,1,5,5,5,5,5,1,1,1,1,1,5
138,p182,Female,18,5,0,2,0,0,0,1,0,4,5,0,1,0,0,2,0,0,48,5,1,1,1,2,1,1,1,3,1,1,1,1,1,1,1,1,1,1,1,1,1,1,1,1,5,1,1,5,1,1,1,1,1,1,1,1,5,1,1,3,1,1,1,1,3,1,5,2,1,2,1,1,1,1,1,5,1,5,1,5,5,5,1,5,1,1,1,5
139,p183,Male,21,6,0,0,0,0,0,3,0,2,0,0,0,0,0,0,0,0,33,1,1,1,1,2,1,1,1,1,1,1,1,1,1,1,1,1,1,1,1,1,1,1,1,1,1,1,1,1,1,1,1,1,1,1,1,1,1,1,1,1,1,1,1,1,1,1,1,1,1,1,1,1,1,1,1,1,1,1,1,1,1,1,1,1,1,1,1,1
140,p78,Female,28,1,10,0,0,0,0,10,0,0,0,0,0,0,0,0,0,0,24,5,1,4,5,2,3,5,1,3,1,4,5,5,5,5,1,4,4,1,1,5,5,1,5,1,3,1,1,5,5,1,1,5,5,1,5,5,1,4,1,1,5,1,1,5,5,1,1,1,5,5,5,1,1,1,5,5,3,5,5,5,5,4,5,1,1,1,1,5
141,p81,Female,18,2,0,0,2,0,0,1,0,1,1,0,0,0,0,0,0,0,36,1,1,1,1,2,1,5,1,1,1,1,1,5,1,1,1,1,1,1,1,1,1,1,1,1,2,1,1,1,5,5,1,1,1,1,1,1,1,1,1,1,1,1,5,1,1,1,1,1,1,1,1,1,5,1,5,1,1,1,1,1,1,1,1,1,1,1,1,1
142,p83,Male,19,7,0,0,1,0,0,1,0,1,0,0,4,4,4,4,0,0,42,1,1,1,1,2,5,1,1,3,1,1,1,1,1,1,1,1,5,1,1,1,1,1,1,1,5,1,1,1,1,1,1,3,1,1,1,1,1,1,1,1,1,1,1,1,1,1,1,1,1,2,1,1,1,5,1,2,1,1,1,5,1,1,1,1,1,1,1,1
143,p84,Male,18,6,1,0,0,5,0,1,0,7,1,0,2,0,1,2,2,0,42,5,1,1,3,2,3,1,1,1,1,1,5,1,1,1,1,1,5,1,1,1,5,1,1,1,1,1,1,1,5,5,1,1,1,1,1,1,5,1,1,1,1,1,1,1,1,1,1,1,1,2,1,1,1,1,1,5,1,1,1,4,1,5,1,1,1,1,5,1
144,p85,Female,20,6,0,0,2,0,0,3,0,0,0,0,1,0,0,2,8,0,58,5,1,1,3,4,4,1,1,3,1,1,5,5,1,1,1,1,5,5,5,1,5,1,1,1,4,1,1,1,5,1,1,5,1,5,1,1,4,1,1,1,1,1,1,1,5,1,1,5,1,5,1,5,1,1,1,5,1,5,5,5,3,5,1,1,1,1,1,1
145,p86,Male,21,6,0,0,0,0,0,6,0,1,0,0,1,0,0,0,2,0,22,1,1,1,1,1,3,5,1,2,1,5,5,5,1,1,1,1,5,1,1,5,1,1,1,1,1,1,1,1,5,5,1,3,1,1,1,1,1,4,1,1,1,1,1,1,1,1,5,1,5,4,1,1,1,1,3,5,1,5,1,5,1,1,1,1,1,1,1,5
146,p87,Female,20,6,0,0,0,0,0,3,0,1,0,0,1,1,1,1,1,0,38,5,1,1,3,2,5,1,1,1,5,5,5,5,5,5,1,2,1,1,1,1,1,1,5,1,1,1,1,1,5,1,1,5,5,1,1,1,1,1,1,1,1,5,5,1,1,1,4,1,5,1,1,1,1,1,1,1,3,1,1,1,1,1,1,5,5,1,1,5
147,p88,Female,19,8,2,1,1,0,0,13,0,0,0,0,1,0,2,0,5,0,8,5,2,1,5,6,4,1,1,3,5,5,5,5,1,1,1,3,4,5,1,5,1,5,1,1,5,1,1,1,5,1,1,5,1,1,1,2,5,4,1,1,1,1,1,1,1,1,1,1,1,5,1,1,5,5,3,5,1,5,1,5,5,5,1,5,1,1,1,1
148,p89,Female,19,8,0,0,0,0,1,0,0,0,0,0,4,0,0,7,0,0,64,5,1,1,4,1,5,5,1,1,1,1,5,1,1,1,1,1,5,1,1,1,1,1,1,1,1,1,1,1,1,1,1,1,1,1,4,1,1,4,1,1,2,1,1,5,1,1,1,1,5,5,1,1,1,5,1,5,1,1,1,5,1,5,1,5,1,1,1,1
149,p90,Female,19,9,1,0,0,0,0,3,0,0,0,0,2,2,1,0,1,0,30,5,1,1,1,1,5,1,1,1,1,1,1,1,1,1,1,1,5,1,1,5,1,1,1,1,5,1,1,1,1,1,1,1,1,1,5,1,1,1,1,1,1,1,1,1,1,1,1,1,1,2,1,1,1,1,1,5,1,1,1,5,1,5,1,1,1,1,1,1
150,p91,Female,21,8,0,0,0,1,0,4,0,1,0,0,2,1,2,2,4,0,50,5,3,1,3,3,5,1,1,1,1,1,5,1,1,1,1,5,5,1,1,5,1,1,1,1,1,1,1,5,1,1,1,1,1,1,1,1,1,1,1,1,1,1,1,1,1,1,5,1,1,2,1,1,1,5,1,5,1,1,1,5,1,1,1,1,1,1,1,1
151,p92,Female,19,2,1,1,0,0,0,3,0,0,0,0,1,0,3,1,0,0,19,5,5,5,3,1,5,1,1,2,1,1,5,5,1,1,2,1,5,1,1,1,1,1,1,1,5,1,1,1,1,1,1,1,1,1,1,1,1,1,1,1,5,1,1,5,1,1,2,1,1,5,1,1,1,1,3,5,1,5,1,5,1,5,1,1,1,1,1,5
152,p94,Male,18,6,5,1,3,0,0,3,0,0,0,0,5,0,0,5,5,0,61,5,3,1,1,3,3,1,1,1,1,1,5,5,5,1,1,1,5,1,4,5,5,1,1,1,1,5,1,1,5,5,1,3,2,1,5,1,4,4,3,1,1,1,1,1,5,1,4,5,1,5,5,1,1,5,3,5,1,5,1,5,5,5,1,1,1,1,1,5
153,p95,Female,18,2,0,0,0,6,0,0,2,2,0,0,0,0,4,4,0,0,30,1,1,3,1,5,3,1,1,1,1,1,1,1,1,1,1,1,5,1,1,1,1,1,1,1,1,1,1,1,5,1,1,5,1,1,3,1,1,1,1,1,1,1,1,1,1,1,1,1,1,3,1,1,1,5,1,5,1,1,1,5,1,1,1,1,1,1,1,1
154,p96,Male,21,5,0,0,0,0,0,5,0,1,0,1,3,0,0,0,0,0,5,5,3,5,3,1,5,1,1,1,1,1,1,4,1,1,1,1,5,1,1,5,1,1,1,1,5,1,1,1,1,1,1,5,1,1,4,1,5,1,1,1,1,1,1,3,5,1,1,1,1,5,5,1,1,1,1,5,1,5,1,2,1,1,1,1,1,1,1,1
155,p97,Female,18,9,0,0,1,0,0,3,0,0,0,1,1,0,3,0,0,1,24,1,1,1,2,3,1,1,1,1,1,1,1,1,1,1,1,1,5,1,1,1,1,1,1,1,5,1,1,1,1,1,1,4,1,1,1,1,1,1,1,1,1,1,1,1,1,1,1,1,1,2,1,1,1,1,5,5,1,1,1,5,1,1,1,1,1,1,1,1
156,p98,Female,20,0,0,4,0,0,0,3,5,0,0,0,5,0,0,6,0,0,25,5,1,1,3,1,5,1,1,1,1,1,1,1,1,1,1,1,5,1,1,5,1,1,1,1,1,1,1,1,1,1,1,1,1,1,1,1,1,1,1,1,1,1,1,1,1,1,1,1,1,1,1,1,1,1,1,1,1,1,1,5,1,5,1,1,1,1,1,1